name,type,source,starts_at,ends_at
"Event 1",SINGLETON,CALENDAR_IMPORT,"2026-05-27 06:00:00","2026-05-27 07:30:00"
"Event 2",SINGLETON,CALENDAR_IMPORT,"2026-05-27 07:45:00","2026-05-27 09:15:00"
"Event 3",SINGLETON,CALENDAR_IMPORT,"2026-05-27 09:30:00","2026-05-27 11:00:00"
"Event 4",SINGLETON,CALENDAR_IMPORT,"2026-05-27 13:00:00","2026-05-27 14:30:00"
"Event 5",SINGLETON,CALENDAR_IMPORT,"2026-05-27 14:45:00","2026-05-27 16:15:00"
"Event 6",SINGLETON,CALENDAR_IMPORT,"2026-05-28 06:00:00","2026-05-28 07:30:00"
"Event 7",SINGLETON,CALENDAR_IMPORT,"2026-05-28 07:45:00","2026-05-28 09:15:00"
"Event 8",SINGLETON,CALENDAR_IMPORT,"2026-05-28 09:30:00","2026-05-28 11:00:00"
"Event 9",SINGLETON,CALENDAR_IMPORT,"2026-05-28 11:15:00","2026-05-28 12:45:00"
"Event 10",SINGLETON,CALENDAR_IMPORT,"2026-05-28 13:00:00","2026-05-28 14:30:00"
"Event 11",SINGLETON,CALENDAR_IMPORT,"2026-05-28 14:45:00","2026-05-28 16:15:00"
"Event 12",SINGLETON,CALENDAR_IMPORT,"2026-05-28 16:30:00","2026-05-28 18:00:00"
"Event 13",SINGLETON,CALENDAR_IMPORT,"2026-05-29 07:30:00","2026-05-29 08:00:00"
"Event 14",SINGLETON,CALENDAR_IMPORT,"2026-05-29 08:00:00","2026-05-29 09:00:00"
"Event 15",SINGLETON,CALENDAR_IMPORT,"2026-05-29 09:00:00","2026-05-29 10:00:00"
